edgenum,pointnum1,pointnum2,x_difference,y_difference
1,517,4301,0.9998537201281152,9.404725609756099
2,4301,4301B,5.564640305493967,5.0853093947606
3,4301,4301A,4.8449125400344855,5.0853093947606
4,4301,516,16.491056397306394,0.5984617516629669
5,516,448,0.11071589882566002,7.395412457912471
6,516,438,0.11071589882566002,7.086069023569053
7,467,4301,18.912382756132757,0.4899220867208669
8,467,4101,0.015707671957670755,0.44328703703700967
9,4101,410,4.597081074977417,1.234292328042386
10,4101,567,13.99768521851852,5.487268185185201
11,567,4305,8.983796262962962,6.6562503333333325
12,410,4103,8.002455962059617,2.7574404761904816
13,410,412,0.0,16.065476190476147
14,412,4105,8.002455962059617,5.299768518518533
15,412,4126,10.758456736353082,2.90625
16,412,411,0.0,4.673611111111143
17,411,4107,9.652918925022583,4.8692129629629335
18,411,413,0.0,1.5
19,413,4124,8.240599593495936,4.19328703703701
20,413,425,0.0,19.01091269841271
21,425,4109,9.752455962059617,3.669477513227548
22,425,4122,9.106340334236677,4.005285303776702
23,425,416,0.0,9.98809523809524
24,416,4111,9.060326332429987,0.9885912698413222
25,416,418,0.0,2.3597883597883538
26,418,4120,8.671155149051494,3.2395833333333712
27,418,415,0.0,5.324074074074076
28,415,4118,8.911895889792234,3.6863425925925526
29,415,417,0.0,2.259259259259238
30,417,4113,9.259400406504064,1.3172949735449606
31,417,421,0.0,8.634259259259238
32,421,4115,9.643659665763323,4.348379629629619
33,421,420,0.0,3.506944444444457
34,420,4116,10.413218641114987,0.9270833333333144
35,420,500,0.097198025551684,10.659722222222229
36,500,512,15.986135307781648,0.18055555555554292
37,500,259,1.4990079365079367,0.13465447154470667
38,259,4802,0.36805555555555713,10.290904471544707
39,4802,4802A,9.640046296296298,0.4613095238095184
40,4802,4802B,0.38541666666666785,22.4375
41,4802,4802C,10.91550925925926,0.4444444444444571
42,500,499,17.167658730158735,0.13465447154470667
43,499,4807,0.5868055555555571,11.515643147502885
44,499,424,2.173611111111107,0.0
45,424,4806,0.9965277777777786,14.645071138211392
46,424,422,6.574074074074076,0.0
47,422,4809,3.769675925925931,12.087071718931497
48,422,423,3.2523148148148167,0.0
49,423,4808,1.65625,12.734356852497115
50,423,538,10.914351851851848,0.3152100271002496
51,538,444,0.36071589882566,13.840277777777771
52,444,4316,18.575626693766935,1.8252314814814667
53,444,537,0.36071589882566,13.557870370370381
54,537,4317,13.045138888888886,0.15856481481483797
55,4317,4317A,0.0,3.824074074074076
56,537,447,0.11071589882566002,20.925925925925924
57,447,4311,7.756859756097569,5.7317355465220885
58,4311,446,0.6415142276422827,14.898119918699138
59,446,4313,8.138392857142854,0.32263437217704904
60,4311,4311A,11.669407489529434,6.856707317073187
61,4311,4311B,11.417513550135496,2.4430329719964448
62,4311,4311C,11.667513550135496,7.3347448057813835
63,447,428,0.0,1.7592592592592382
64,428,4312,12.501552619692859,6.334490740740705
65,428,414,0.0,9.814814814814838
66,414,4308,18.825626693766935,0.771990740740705
67,4308,4308A,0.09722222222222854,16.315476190476204
68,414,438,0.0,19.9444444444444
69,438,4305,12.51696589882566,6.589120370370324
70,538,443,20.66666666666667,0.25626693766935205
71,443,441,0.7692524841915116,15.082655826558266
72,441,4514,18.852275293586274,2.1770833333333144
73,441,4501,25.258835817524854,7.6192129629629335
74,441,442,0.0,18.016203703703695
75,442,4510,11.083756775067755,7.90988756613757
76,442,4505,25.258835817524854,4.505125661375644
77,4505,524,18.497189153439145,15.893022486772509
78,442,523,0.5995934959349682,20.398148148148152
79,524,523,43.15643147502903,0.0
80,443,525,40.84656084656085,0.059959349593498246
81,525,501,0.17283681765388792,36.98686120789779
82,501,4721,13.495317944250871,1.910218253968253
83,501,449,0.0,6.23908730158729
84,449,502,0.0,5.754742547425508
85,502,4725,12.911984610917543,2.6144704155374825
86,502,439,0.0,5.418868563685635
87,525,426,7.755291005291014,0.19207317073170316
88,426,4815,18.57218270099368,7.379432023486913
89,426,377,13.324074074074048,0.0
90,377,437,0.8335027100270906,53.94348464317977
91,377,379,1.5092592592592666,0.0
92,379,4819,4.153483514001806,10.904217479674799
93,379,403,5.8171296296296475,0.0
94,403,4823,3.780403116531147,10.805357949412837
95,403,375,19.094246031746025,0.0
96,375,4825,3.345709930313575,19.723323170731703
97,375,374,2.4312169312169374,0.0
98,374,4824,1.5062079124579384,16.677959419680406
99,4824,4826,4.23879034244888,25.9218881412952
100,374,372,17.75,0.0
101,372,4624,4.258733164983198,16.067730235492036
102,372,4828,4.9859115581098195,17.18419715447152
103,4828,4828A,6.913183559735273,23.666666666666686
104,4828A,4828B,11.569895382395373,0.14735772357721544
105,372,539,21.556878306878303,0.17225609756098947
106,539,568,11.608631285714267,0.9270829999999819
107,568,4910,15.420731373983728,13.08692562068967
108,568,4912,0.07926862601627249,41.697662934959396
109,4912,4912A,12.483308696723356,10.522357723577272
110,539,378,0.16693722943722378,13.069444444444457
111,378,4911,11.646179785661502,3.850694444444457
112,378,369,0.0,6.166666666666629
113,369,4909,11.989583333333343,2.4195075757576205
114,369,540,0.16693722943722378,10.673611111111143
115,540,380,23.667989417989418,0.9190379403793827
116,380,4624,2.147622053872084,14.933286024670565
117,380,4903,7.530685411020755,16.571900406504085
118,380,358,18.070105820105823,0.0
119,358,4825,3.345709930313575,11.277693089430898
120,4825,4825A,8.599593495934954,0.09654471544718035
121,358,4623,0.9178644018582816,35.7233231707317
122,4623,4623A,8.599593495934954,18.48994252873564
123,358,360,8.57804232804233,0.0
124,360,4619,0.07726400180669657,8.403878726287303
125,360,361,9.93386243386243,0.23373983739838877
126,361,4616,3.444279100529087,9.846064814814838
127,361,362,6.749007936507951,0.0
128,362,4614,4.151199494949481,9.260416666666686
129,362,363,7.900462962962962,0.0
130,363,4617,1.90988756613757,8.898119918699194
131,4617,4617A,11.082010582010582,0.09654471544718035
132,363,503,6.6898148148148096,0.0
133,503,4610,3.3164511494252906,10.337652439024396
134,503,4615,11.93642241379311,32.648119918699194
135,4615,4615A,13.403139893467909,23.610141575553712
136,4615,4615B,1.656435040055726,21.83914859981934
137,503,364,20.14351851851852,0.07520325203250877
138,364,4608,3.767248193315268,10.262449186991887
139,364,368,9.606481481481481,0.0
140,368,4607,11.432672764227647,14.073624969204218
141,4607,4607A,6.182926829268297,45.16035353535358
142,368,366,1.6666666666666714,0.0
143,366,4606,2.9365530303030454,12.01097099039174
144,366,365,6.060185185185176,0.0
145,365,4605,3.8282076719576708,8.062471770551042
146,4605,4605A,0.154761904761898,11.851851851851848
147,365,527,21.088173400673398,1.5838876570584262
148,527,537,10.597011784511793,2.6858164983164556
149,540,201,37.57738095238096,0.16765873015873467
150,201,4630,0.05208333333337123,15.694279100529116
151,4630,4630A,21.680555555555543,0.1440266485998336
152,201,203,11.699074074074076,0.0
153,203,4636,4.233961640211646,15.934850464576073
154,4636,4636A,1.3068783068783318,25.572154471544707
155,203,541,20.068783068783034,0.16765873015873467
156,541,204,16.005291005291042,0.15972222222222854
157,204,3603,12.373955510388384,13.772273035230342
158,204,185,4.149470899470884,0.0
159,185,3602,10.828869047619037,28.76431233062334
160,3602,3602A,1.1153455284552933,39.070121951219505
161,3602A,3602B,29.937946538556332,0.0
162,3602A,3334,47.71798780487802,4.079478553406204
163,3602,3324,22.681186868686893,17.926829268292636
164,3602,3602C,21.67123983739839,12.007052229613237
165,3324,3322,0.08718280364621478,16.01524390243901
166,3324,3320,13.516475732939114,15.928830992855353
167,3324,3316,28.667929292929273,0.14735772357727228
168,3324,3334,26.15214646464642,25.222771236333074
169,3334,3326,24.743055555555543,8.481147683733866
170,3316,3334,2.515782828282852,25.0754135127558
171,3316,3318,0.4302943225357012,16.413309928553872
172,3334,3338,24.506465517241395,6.753911238825026
173,3338,3340,0.9092432950191665,15.072180134680139
174,3338,3724,22.251436781609186,8.988877597109308
175,3340,3724,23.160680076628353,6.08330253757083
176,3724,3716,0.9411717752234949,23.32621951219511
177,3716,3342,24.188341750841744,1.9105691056910814
178,3716,3716A,12.441452122854571,15.59686010653212
179,3716,3624,7.384259259259295,32.435940566302236
180,3624,3624A,17.782012195121922,2.990334378265402
181,3624,3624B,17.585488505747094,6.767241379310349
182,3624,3624C,17.396849593495972,8.085693760262757
183,3624,3624D,17.980182926829286,4.497639573070558
184,3724,3706,33.33333333333337,9.414634146341427
185,3706,3728,25.91949669104838,21.757113821138205
186,3706,3730,26.002873563218373,3.7347560975609326
187,3706,3732,25.420759317311024,13.677506775067798
188,3706,3714,7.225890103728659,29.5084454723858
189,185,205,19.26190476190476,0.006944444444457076
190,205,3603,11.03742015098726,13.765328590785884
191,205,184,2.3988095238095184,0.016203703703752126
192,184,3612,5.437859195402325,16.74800084175081
193,184,206,21.180555555555543,0.01719576719580118
194,206,3615,0.12203590785907181,12.447916666666686
195,206,183,3.175925925925924,0.01719576719580118
196,183,3614,2.5721827009936646,12.931882339656738
197,183,543,7.078042328042329,0.1504629629629335
198,543,394,0.07337848932678526,7.332341269841265
199,394,3302,11.103632253994988,4.513933982683966
200,394,393,0.0,11.165343915343954
201,393,3303,10.063034412671698,2.763408988256515
202,393,3304,10.853704844006586,1.590644760614225
203,393,392,0.0,8.417989417989418
204,392,3306,11.929851766190097,5.842826354679801
205,392,390,3.1514208173691145,3.5969516594516335
206,392,389,2.4133939974457235,3.5969516594516335
207,390,3316,9.496948653198615,16.16615083764475
208,389,3342,5.933186026936028,17.59094758561224
209,543,542,5.649440836940869,0.0
210,542,171,36.26722582972582,0.16765873015873467
211,171,3426,1.045913182346112,22.60173490127761
212,171,162,6.329365079365061,0.0
213,162,3624,8.253472222222172,13.924722906403929
214,162,163,17.018518518518533,0.0013227513227320742
215,163,3630,3.0059564137308143,10.935711279461259
216,163,547,12.068783068783091,0.16898148148146674
217,547,165,18.083333333333314,0.16898148148146674
218,547,383,1.5924070847851226,7.518970189701918
219,383,3738,11.746189024390276,8.8427337398374
220,383,384,0.0,9.158609175377478
221,384,3702,10.849129170171011,2.6729457026712566
222,384,357,0.0,10.681216931216909
223,357,3704,9.23450203252031,4.675671860885302
224,357,382,0.0,3.1402116402116462
225,382,3734,13.166920731707307,0.22876742160281083
226,382,3706,13.925278595458337,29.60558217189316
227,540,200,0.5714285714285836,17.006944444444457
228,200,4906,20.451524170274183,3.9024621212121247
229,4906,4906A,0.0,20.0151515151515
230,200,199,0.0,8.726851851851848
231,199,4903,15.565875435540079,8.242857949412837
232,199,510,0.5714285714285836,21.68287037037038
233,510,4901,16.963523519163772,0.19097222222222854
234,510,187,5.827380952380935,0.07638888888891415
235,187,4401,1.3986742424242493,10.693497474747517
236,187,188,11.365740740740762,0.0
237,188,4403,7.865004208754186,11.09375
238,4403,4403A,11.671717171717148,3.9918699186991944
239,4403,4403B,11.74747474747474,3.3333333333333144
240,188,189,19.391203703703667,0.004629629629619103
241,189,4408,13.462436868686893,25.73116582491582
242,189,190,9.932870370370381,0.0
243,190,4405,3.6320496632996537,11.021359427609411
244,190,191,4.90046296296299,0.0
245,191,4407,8.220012626262587,11.021359427609411
246,191,509,17.92757936507934,0.08101851851853326
247,541,509,0.0,47.416666666666686
248,509,192,15.73214285714289,0.09953703703706651
249,192,3402,12.584095528455293,14.460337624209558
250,192,114,18.023148148148152,0.018518518518533256
251,114,3407,11.855719286359545,19.86667231255649
252,3407,3407A,10.774390243902474,8.1869918699187
253,114,193,5.560185185185162,0.00925925925929505
254,193,3402,10.999237804878021,14.469596883468796
255,193,194,23.523148148148152,0.0
256,194,3414,1.6391994128274519,15.2881944444444
257,194,549,15.733796296296305,0.40768970189702713
258,542,549,0.32702020202020776,47.734078590785884
259,549,195,15.166666666666629,0.40768970189702713
260,195,3420,0.15641937669380468,18.89845867208669
261,3420,3420A,5.6402439024390105,17.158536585365823
262,195,3421,0.3962567750677408,11.014142953929593
263,195,569,11.295138888888914,1.0555558888889323
264,569,3423,4.257621951219505,8.403709016260166
265,569,196,10.049107142857167,1.0555558888889323
266,196,3426,1.1292465156794265,24.556995257452513
267,196,197,16.07936507936506,0.0
268,197,3425,1.3811822493224781,10.938939701897084
269,197,198,5.351851851851848,0.0
270,198,3432,0.7772978771454291,21.556995257452513
271,3432,3432A,0.0,17.740853658536594
272,198,548,14.068783068783091,0.40768970189702713
273,548,95,0.42195767195767075,10.009541553748875
274,95,3922,11.112776648599777,0.04254177958443961
275,3922,131,6.461297425474299,1.4737587108014054
276,3922,3922A,4.322408536585385,11.73755047967478
277,95,96,0.0,5.800925925925924
278,96,3924,8.127004290876243,6.749745934959321
279,96,97,0.0,9.51785714285711
280,97,3924,8.127004290876243,2.768111207897789
281,97,98,0.009259259259238206,7.5
282,98,3930,10.769675925925924,4.367559523809518
283,98,547,0.43121693121690896,14.905753968253975
284,510,99,0.5833333333333428,20.48737373737373
285,99,4204,18.964691558441558,9.883645910322741
286,99,133,29.49867724867724,2.8469516594516335
287,4204,100,18.964691558441558,0.620027584204422
288,4204,101,18.96601430976432,11.534734320557448
289,133,4208,19.813205736224006,18.85275116144021
290,133,4208A,30.722327441077425,0.9342983405483665
291,4208,135,10.950021777003542,31.218677409988345
292,135,158,33.170003607503645,0.014550264550223346
293,158,4202,8.097091340231572,12.441932023486913
294,4202,102,18.99613256549233,7.224734643179772
295,4202,103,18.99613256549233,4.3863764679313135
296,158,528,23.006898250800674,0.3024503161698249
297,528,104,4.086325654923229,1.6635614272809107
298,158,4201,1.8940446127946302,18.88625841750843
299,4201,105,28.987268518518533,0.302925084175115
300,135,4207,0.2121818555008872,19.213618637110073
301,135,552,9.406431475029024,0.6534391534391375
302,552,167,0.10811878952119969,5.861111111111086
303,167,3202,14.7976230803975,15.79355803974704
304,552,509,0.2602351916376051,72.75231481481478
305,552,152,30.16598915989158,0.004629629629619103
306,152,3204,0.05682588075882222,21.722306910569102
307,152,3201,1.8071338383838338,18.692234848484873
308,152,153,30.349537037037067,0.005952380952351177
309,153,3203,2.96338640469736,19.095637340301977
310,153,553,18.833333333333314,0.0013227513227320742
311,553,257,0.2407407407407618,19.668981481481467
312,257,3515,15.629206187895193,9.871019647696471
313,3515,3515A,18.178861788617894,0.0
314,3515,3515B,18.071138211382106,11.191056910569102
315,3515,3515C,2.331300813008113,12.768292682926813
316,257,3516,23.714289747064186,3.1027269647696585
317,3516,3516A,14.245934959349597,6.758130081300806
318,3516,3516B,5.420731707317032,13.337398373983717
319,257,234,0.05555555555559977,31.923611111111143
320,234,3517,21.61768857271909,8.016175474254794
321,3517,3517A,7.1402439024390105,19.418699186991887
322,3517,3517B,10.776422764227675,19.64024390243901
323,234,3518,14.467677280939427,0.19300474254748679
324,3518,3518A,3.3292682926829116,15.071138211382106
325,3518,3518B,13.670731707317088,1.9085365853658232
326,3518,3518C,15.024390243902474,14.579268292682912
327,234,549,0.33101851851853326,20.842310298102973
328,553,154,20.083333333333314,0.0
329,154,3211,16.200021043771073,18.45000564588983
330,154,155,32.06613756613757,0.0
331,155,3211,15.866116522366497,18.45000564588983
332,155,551,19.5171957671958,0.0
333,551,156,16.57804232804233,0.0
334,551,134,0.25,6.417989417989418
335,134,3908,11.035540876242067,2.298671602787408
336,134,87,0.0,13.345238095238074
337,87,3915,20.359784327009947,1.6248185249709763
338,87,88,0.0,3.320105820105823
339,88,3910,11.035540876242067,3.0048836946702977
340,88,89,0.0,9.527777777777771
341,89,3912,11.035540876242067,1.9493281391147548
342,89,90,0.0,8.890211640211646
343,90,3914,11.035540876242067,0.6972633565621322
344,90,91,0.0,10.165343915343954
345,91,3917,20.359784327009947,7.441875564588997
346,91,92,0.0,1.251322751322732
347,92,3916,11.035540876242067,0.8476698606272066
348,92,93,0.0,12.443121693121668
349,93,3918,11.035540876242067,1.9737183830171716
350,93,94,0.0,4.890211640211646
351,94,3920,11.196109981933148,2.818996806039479
352,94,548,0.42195767195767075,2.1835801393728502
353,551,160,0.24470899470895802,23.638888888888886
354,160,2942,11.040831881533109,9.609614950316143
355,2942,136,9.4459406052394,9.692948283649486
356,160,233,0.0,5.449074074074076
357,233,2940,11.040831881533109,0.9209857723577386
358,233,231,0.0,19.90972222222223
359,231,2943,17.367920274170274,6.202320460704641
360,231,230,0.0,2.9930555555555713
361,230,2938,11.040831881533109,9.235857046070464
362,230,229,0.0,4.416666666666657
363,229,2936,11.040831881533109,1.3678014905149212
364,229,228,0.0,9.841269841269849
365,228,2934,11.040831881533109,1.9269381533101182
366,228,227,0.0,3.992063492063494
367,227,2943,17.367920274170274,15.04073509485093
368,227,225,0.0,5.930555555555543
369,225,2932,11.040831881533109,2.008384146341484
370,225,224,0.0,3.7440476190476204
371,224,2939,13.539637445887422,0.5730618466898818
372,224,223,0.0,8.582341269841265
373,223,157,17.153439153439194,1.8587962962963047
374,223,2937,13.794687950937941,1.8139397018969987
375,223,222,0.0,6.3402777777777715
376,222,2922,11.040831881533109,3.274644308943124
377,222,221,0.0,7.160714285714306
378,221,2933,14.27953643578644,0.8108667247386734
379,2933,2933A,24.59217171717171,2.1807711258930738
380,2933,2933B,6.482323232323267,7.908536585365852
381,221,220,0.0,4.723544973544961
382,220,2920,11.040831881533109,4.311116757000917
383,220,219,0.0,15.027777777777771
384,219,2918,11.040831881533109,4.4459406052394
385,219,218,0.0,5.582010582010582
386,218,2927,19.04468795093794,0.4063951800231962
387,2927,2927A,10.901515151515127,7.567073170731703
388,218,217,0.0,9.408730158730165
389,217,2916,11.040831881533109,4.1848746612466385
390,217,216,0.005291005291041984,14.81481481481481
391,216,2914,11.035540876242067,4.624124887082232
392,216,215,0.0,2.597883597883609
393,215,2520,35.778483514001834,3.455103077816517
394,2520,2911,5.245934959349597,24.754065040650403
395,2520,2412,27.357723577235788,25.491869918699194
396,215,214,0.009259259259238206,12.25
397,214,2912,11.026281616982828,4.713233159117323
398,214,213,0.0,12.26190476190476
399,213,2911,30.541807813911475,3.6972633565621607
400,213,212,0.0,2.839285714285708
401,212,2910,11.026281616982828,0.937245934959364
402,212,507,0.01455026455028019,12.31018518518519
403,507,2908,11.040831881533109,2.3932644534778404
404,553,235,0.1828703703703809,47.82010582010582
405,235,2525,16.935290404040416,9.626758658008669
406,2525,151,12.04850589225589,5.782512626262644
407,151,2102,20.275434733513976,103.28463753387535
408,2102,138,19.423582881662128,33.4489893857272
409,138,2102A,3.4786405723905887,16.86870483288169
410,2102A,137,3.867920274170274,11.3710196476965
411,235,2545,20.135416666666686,7.121769744483174
412,2545,144,17.94097222222223,27.71553184281842
413,2943,144,16.649936868686837,27.457401761517588
414,144,2540,1.6101641414141454,4.955199864498667
415,235,256,0.0009920634920490556,24.345238095238102
416,256,2545,20.136408730158735,17.223468350754928
417,256,2525,16.934298340548366,14.718479437229433
418,256,255,0.0,7.988095238095241
419,255,2543,16.72226731601728,1.1201001742160202
420,255,254,0.0,8.57804232804233
421,254,2541,14.9773178210678,2.202207542908752
422,254,253,0.0,6.583333333333314
423,253,2530,12.059388528138527,7.717472860791872
424,253,252,0.0,6.683862433862458
425,252,2523,16.934298340548366,9.046762265512257
426,2523,2523A,8.659090909090935,14.656565656565647
427,2523,2523B,4.431818181818187,14.49747474747474
428,2523,2523C,10.260101010100982,0.0
429,2523,2523D,10.348484848484816,3.848484848484844
430,2523,2523E,10.348484848484816,8.0
431,252,82,0.0,26.0
432,82,2526,22.814439033189046,0.07814314750288531
433,82,81,0.005952380952408021,4.172619047619037
434,81,2519,13.43592171717171,0.724431818181813
435,2519,2519A,6.241161616161605,14.835458240946053
436,2519,2519B,3.9267676767676676,13.085458240946053
437,2519,2519C,5.088383838383834,12.840909090909065
438,2519,2519D,4.751262626262644,12.995036572622752
439,2519,137,9.046221139971124,4.449179292929301
440,81,79,0.0,22.75
441,79,2520,36.32799796747969,2.6872459349593782
442,79,2517,16.024305555555543,2.9402947154471804
443,79,78,0.0,7.1597222222222285
444,78,2515,5.860164141414145,3.5346375338753546
445,78,77,0.0,14.756944444444443
446,77,2513,14.266729797979792,2.817835365853668
447,77,76,0.0,7.384259259259252
448,76,2511,6.185921717171709,0.8934338301716593
449,76,508,0.356199186991887,9.592592592592595
450,508,247,10.657689701897027,0.4166666666666714
451,247,2412,2.043614498645013,10.297735998193275
452,247,248,3.6587301587301795,0.0
453,248,2411,2.1391187572589843,15.952264001806725
454,248,249,21.609788359788354,0.0
455,249,2411A,1.2122572267389273,15.952264001806725
456,249,250,21.5,0.0
457,250,2411B,1.858598690153542,15.952264001806725
458,2411,2411A,20.682926829268297,0.0
459,2411A,2411B,22.146341463414615,0.0
460,250,507,14.318783068783034,0.4166666666666714
461,507,211,0.010912698412710142,16.588624338624335
462,211,2906,11.051744579945819,1.0530270034842815
463,2906,74,10.698255420054181,8.063939701896985
464,211,550,0.010912698412710142,16.098033910533914
465,550,232,0.010912698412710142,36.74720418470418
466,550,64,23.654761904761926,0.010732323232325314
467,64,2221,0.47346835075489935,12.121866531165338
468,2221,2221D,14.236788617886134,16.087398373983717
469,2221,2221A,10.84552845528458,16.725609756097583
470,2221A,2221B,14.666666666666686,3.8333333333333144
471,2221A,2221C,14.666666666666686,4.313008130081357
472,64,63,31.417658730158735,0.0
473,63,2223,1.864922086720867,20.09747628726292
474,63,72,18.275462962962933,0.0
475,72,2225,0.10961495031619961,20.53040311653116
476,72,75,9.306878306878275,0.0
477,550,65,14.434523809523796,0.0031565656565675226
478,65,2205,2.053977272727252,20.776221264367827
479,65,66,21.300925925925924,0.0
480,66,2203,0.6099537037036953,20.773347701149454
481,66,67,21.444444444444457,0.0
482,67,2201,0.14783249158250555,19.438577586206897
483,67,536,14.565097109304418,0.013888888888892836
484,536,86,0.350246806039479,12.006944444444446
485,86,2000,53.97354497354496,5.756944444444443
486,86,85,0.0,8.666666666666668
487,85,2501,12.501322751322732,4.909722222222221
488,85,518,0.350246806039479,12.584325396825395
489,518,84,2.9840785907858844,3.0823412698412698
490,536,34,0.0002822944896365698,11.170634920634917
491,34,2405,20.689814814814838,8.014550264550266
492,2405,2405A,9.958332999999982,20.67824074074074
493,2405,2405B,3.96875,20.67824074074074
494,34,508,0.0002822944896365698,21.505291005291006
495,508,246,14.184902890695582,0.4004629629629619
496,246,2410,3.2713594276094113,8.060890921409182
497,246,245,18.055555555555543,0.0
498,245,2408,1.1099537037036953,16.813446969696955
499,245,244,4.865740740740762,0.0
500,244,2405,16.416666666666686,13.891203703703702
501,244,243,14.410714285714278,0.0
502,243,2406,1.9084277003484544,10.382029132791288
503,2406,2102,0.0,28.08333333333337
504,2102,2101,26.682372505543242,16.580284552845512
505,2101,2404,4.753787878787875,38.57310914018228
506,243,242,22.47354497354496,0.0
507,242,2404,2.4533880471380485,16.47253787878789
508,242,1,2.8518518518518476,0.15972222222221433
509,1,2403,14.742063492063494,14.490740740740748
510,2403,2403A,0.3601187142857043,17.11689818148148
511,1,240,12.231481481481467,0.15972222222221433
512,240,2401A,0.306878306878275,10.833333333333329
513,240,2402,4.09490774074078,18.263888855555564
514,240,239,6.597883597883595,0.0
515,239,2402,2.5029758571428147,18.263888855555564
516,239,2401,1.5109126984127101,11.724537037037038
517,239,237,9.679894179894177,0.0
518,237,41,29.74768518518522,0.1666666666666714
519,41,1960B,10.211805555555571,10.81344696969694
520,41,560,5.584325396825392,0.2337962962962905
521,552,168,0.10811878952119969,6.254629629629619
522,168,2109,8.120054713804734,1.3986742424241925
523,168,169,0.05092592592592382,36.49404761904765
524,169,2105,8.315972222222229,0.4937935540069702
525,169,170,0.005952380952408021,17.500270562770538
526,170,2102,29.74176103368177,94.7000415742794
527,170,172,0.07142857142855519,15.001052188552194
528,172,2103,8.381448412698376,1.7324284511784356
529,172,182,0.0,14.331018518518533
530,182,2101A,8.381448412698376,5.527462121212125
531,182,529,0.09523809523813043,12.307870370370352
532,529,2101,3.2260551948052125,36.479815943992804
533,2101,2101A,5.250631313131294,43.26022419315103
534,529,174,15.742063492063494,0.11111111111111427
535,174,175,5.583333333333314,0.0
536,175,176,5.814814814814838,0.0023148148148095515
537,176,1960,13.392361111111086,37.93655303030306
538,176,177,8.365740740740733,0.0
539,177,1804,1.3036077235772439,10.23568766937666
540,177,178,8.078703703703695,0.0
541,178,1804,9.38231142728094,10.23568766937666
542,178,179,12.06481481481481,0.0
543,179,1802,4.869212962962962,10.30587121212119
544,179,504,5.517195767195773,0.10879629629630472
545,504,106,0.14021164021164623,12.557870370370352
546,504,1981,23.982804232804227,3.884259259259238
547,504,36,0.16567460317460814,10.101851851851876
548,36,1961,23.916666666666657,25.648148148148138
549,36,207,0.02546296296296191,4.507936507936506
550,207,1960,20.77430555555557,23.435560966810982
551,207,208,0.018518518518504834,39.001322751322746
552,208,1960,20.792824074074076,15.565761784511764
553,208,43,0.07407407407407618,15.98677248677248
554,43,1961,23.99768518518519,33.847883597883595
555,43,42,0.0,4.068783068783063
556,42,1960,20.71875,35.62131734006731
557,1960,1960A,9.675925925925924,42.601010101010075
558,1960,1960B,4.837962962962962,42.83333333333334
559,42,560,0.08465608465607488,18.259259259259267
560,560,38,2.1746031746031633,2.2407407407407334
561,38,1439,11.59259259259261,7.101851851851862
562,38,39,2.3293650793650613,16.615740740740748
563,39,1904,15.162698412698404,1.5787037037037024
564,1904,1904A,14.892361111111114,11.359953703703702
565,1904,1904B,16.871528111111132,0.150462996296298
566,39,1905,12.744708994708986,4.076388888888886
567,39,559,0.1666666666666572,24.21759259259259
568,559,25,5.746031746031747,0.18121693121693383
569,25,1260,11.768518518518533,11.153439153439152
570,25,23,7.601851851851848,0.0
571,23,1263,0.46759259259260944,11.66137566137566
572,23,1261,6.014550264550252,10.345238095238095
573,23,1265,11.224537037037038,10.828042328042326
574,23,24,6.141203703703724,0.0
575,24,1267,13.0,0.003968253968253066
576,559,26,0.15211640211640542,17.0
577,26,1903,7.896990740740733,3.980324077407408
578,26,27,0.0,7.750000000000001
579,560,44,10.672619047619037,0.24074074074074758
580,44,1440,2.5,11.157407407407405
581,44,45,7.826388888888886,0.0
582,45,1438,1.8442460317460245,10.342592592592581
583,45,1437,6.16567460317458,10.847222222222229
584,45,47,8.239087301587318,0.0
585,47,1435,0.06878306878306262,13.507936507936513
586,47,48,4.068783068783063,0.009259259259266628
587,48,1436,4.333333333333343,11.417989417989418
588,48,49,4.425925925925924,0.0
589,49,1432,3.2407407407407334,10.07870370370371
590,49,50,6.5,0.0
591,50,1433,3.56613756613757,13.498677248677247
592,50,51,12.849537037037038,0.0
593,51,1425,1.5023148148148096,12.337962962962962
594,1425,1425A,25.983796296296305,0.4270832999999996
595,51,52,3.224537037037038,0.0
596,52,1426,4.305555555555543,11.995370370370367
597,52,53,5.108796296296305,0.0
598,53,1420,2.7337962962962763,12.179894179894177
599,53,54,29.835648148148152,0.001322751322746285
600,54,1414,8.417989417989418,11.99404761904762
601,1414,1414A,16.65178604761904,0.1041666666666714
602,54,564,14.504121499548319,0.08234126984126533
603,559,22,6.846560846560834,0.18121693121693383
604,22,1207A,2.587962962962962,7.429894179894177
605,22,21,11.665343915343925,0.0
606,21,1258,6.517195767195773,8.505291005291006
607,21,19,8.056878306878303,0.0
608,19,1256,0.02546296296296191,13.67195767195767
609,19,20,6.597883597883595,0.0
610,20,1207,2.5965608465608625,7.429894179894177
611,1207,1207A,26.328703703703724,0.0
612,1207,1207B,14.953703370370391,11.452546296296298
613,1207,1207C,1.3587966296296088,11.452546296296298
614,1207,1207D,15.74421262962963,11.452546296296298
615,20,18,8.594246031746025,0.0
616,18,1254,3.442129629629619,14.916666666666671
617,18,17,5.572420634920661,0.0
618,17,1216,11.42063492063491,13.236772486772487
619,17,16,42.26190476190476,0.0
620,16,1203,16.59126984126985,6.753968253968253
621,1203,1203A,26.482638888888886,3.3472222222222214
622,1203,1203B,16.315971888888896,13.201388892222221
623,1203,1203C,2.3680558888888754,12.128472222222221
624,1203,1203D,9.559028111111104,12.128472222222221
625,16,15,3.7328042328042272,0.0
626,15,1208,1.0,14.239087301587304
627,1208,1208A,6.11689781481482,16.482638922222222
628,15,13,24.273148148148138,0.0052910052910064564
629,13,1010,3.245370370370381,15.433862433862434
630,1010,1010A,11.995370703703713,8.410714252380952
631,1010,1010B,11.995370703703713,8.433035717619047
632,564,55,5.495878500451667,2.006944444444443
633,55,534,3.904528003613379,3.3402777777777715
634,534,1004,5.576953477868102,5.752314814814817
635,1004,1004A,26.814814848148146,11.141203703703702
636,1004,1004B,13.616898148148152,11.141203703703702
637,1004,1004C,4.085648148148152,11.141203703703702
638,1004,1004D,13.393518851851852,4.775462996296298
639,1004,13,4.643518518518519,36.31481481481482
640,1004,563,36.437920875420886,2.8333333333333357
641,13,558,29.25,0.17592592592592737
642,558,12,11.831439393939405,0.19212962962962976
643,12,556,0.0,11.743055555555557
644,556,11,0.0018939393939376714,22.83333333333333
645,11,563,0.0018939393939376714,4.587962962962969
646,11,557,11.833333333333343,22.83333333333333
647,556,557,11.831439393939405,0.0
648,12,557,11.831439393939405,11.743055555555557
649,558,557,0.0,11.550925925925927
650,55,554,9.666877104377107,10.166666666666671
651,554,56,12.830808080808083,0.009259259259252417
652,56,1161,1.0902777777777715,20.994708994709
653,1161,1161A,16.16666666666667,15.924107109523817
654,56,566,23.421717171717177,0.009259259259252417
655,563,566,0.0,16.425925925925924
656,11,1003,10.732142857142854,2.337962962962969
657,563,1003,10.734036796536792,2.25
658,1003,1003A,11.497023776190474,0.6192129296296329
659,1003,1003B,0.6383928238095251,10.557870370370367
660,566,10,21.744949494949488,0.009259259259252417
661,10,1412,8.250992063492063,20.425925925925938
662,10,9,4.224537037037038,0.009259259259252417
663,9,1411,3.481481481481481,6.916666666666671
664,9,8,4.75,0.0
665,8,1409,3.3333333333333357,15.097222222222229
666,8,7,23.608796296296298,0.0
667,7,1403,6.331018518518517,14.673611111111114
668,1403,1403A,14.140046292962962,4.545138855555564
669,1403,1403B,14.140046292962962,7.663194444444443
670,7,5,11.502314814814815,0.0069444444444428655
671,7,1408,0.05787037037037024,17.575396825396822
672,1408,1408A,7.751157404074075,9.56845238095238
673,1408,1408B,7.751157404074075,12.566964619047624
674,1408,1408C,3.946759225925925,12.889880619047617
675,566,57,0.0018939393939376714,17.51851851851852
676,57,1105,10.384259259259252,4.583333333333329
677,57,58,0.07638888888888573,5.074074074074076
678,58,1103,10.506944444444443,5.148148148148138
679,58,531,0.0782828282828234,17.759259259259252
680,531,59,13.421717171717177,0.7245370370370381
681,59,1161,8.909722222222229,20.072420634920633
682,1161,1161A,16.16666666666667,15.924107109523817
683,1161,1161B,16.16666666666667,15.398809190476186
684,1161,1161C,23.916666333333325,15.398809190476186
685,1161,1161D,27.500000333333332,19.924107109523817
686,59,1660,24.506944444444443,0.6504629629629619
687,1660,1660A,4.409721888888882,25.94560151851853
688,1660,1660B,7.486111111111114,25.94560151851853
689,531,32,0.0018939393939376714,12.333333333333329
690,32,1162,12.351190476190482,5.615740740740733
691,32,1166,12.590277777777786,12.384259259259267
692,32,60,0.0,6.217592592592609
693,60,28,0.0654761904761898,7.013888888888886
694,531,31,8.969486531986526,0.057870370370366686
695,31,1640,1.2407407407407405,8.344246031746025
696,31,29,12.86574074074074,0.0
697,29,1620,1.8511904761904745,12.166666666666686
698,1620,1620A,2.122023776190474,9.597222555555533
699,1620,1620B,10.263392823809525,9.597222555555533
700,29,1412,8.160714285714285,19.974537037037024
701,29,2,9.74404761904762,0.0
702,2,1610,4.332341269841265,10.581018518518533
703,2,3,22.723544973544975,0.006944444444457076
704,3,1608,0.7754629629629619,15.75
705,1608,1608A,16.399305555555557,6.006944777777761
706,3,4,10.532407407407407,0.0
